{
  "model": "knn",
  "best_score": 0.7490850110909015,
  "best_params": {
    "metric": "euclidean",
    "n_neighbors": 7,
    "weights": "distance"
  },
  "cv_folds": 5,
  "timestamp": "2026-02-12T15:59:17.425510",
  "overfitting_threshold": 0.05,
  "best_overfit_gap": 0.2427759333804831,
  "best_is_overfitting": true,
  "confusion_matrix_labels": [
    "a",
    "b",
    "c",
    "d",
    "e"
  ],
  "all_combinations": [
    {
      "params": {
        "metric": "euclidean",
        "n_neighbors": 3,
        "weights": "uniform"
      },
      "mean_train_score": 0.8470941895257342,
      "std_train_score": 0.00047754890202363336,
      "mean_test_score": 0.7283999600112943,
      "std_test_score": 0.0024305903482340742,
      "overfit_gap": 0.11869422951443998,
      "is_overfitting": true,
      "rank_test_score": 8,
      "confusion_matrix": [
        [
          20427,
          2688,
          1722,
          147,
          89
        ],
        [
          4312,
          11515,
          3853,
          439,
          140
        ],
        [
          3146,
          3727,
          24167,
          4600,
          596
        ],
        [
          593,
          844,
          4928,
          32709,
          4515
        ],
        [
          246,
          325,
          1143,
          5025,
          40567
        ]
      ]
    },
    {
      "params": {
        "metric": "euclidean",
        "n_neighbors": 3,
        "weights": "distance"
      },
      "mean_train_score": 0.9910313758358591,
      "std_train_score": 0.0004958904177824534,
      "mean_test_score": 0.7416014041080918,
      "std_test_score": 0.003035722329476484,
      "overfit_gap": 0.24942997172776726,
      "is_overfitting": true,
      "rank_test_score": 4,
      "confusion_matrix": [
        [
          19815,
          2915,
          2014,
          214,
          115
        ],
        [
          3380,
          11963,
          4184,
          550,
          182
        ],
        [
          2094,
          3486,
          25041,
          4867,
          748
        ],
        [
          359,
          517,
          4574,
          33480,
          4659
        ],
        [
          171,
          235,
          888,
          5042,
          40970
        ]
      ]
    },
    {
      "params": {
        "metric": "euclidean",
        "n_neighbors": 5,
        "weights": "uniform"
      },
      "mean_train_score": 0.8136389066230137,
      "std_train_score": 0.0008199857981598932,
      "mean_test_score": 0.7329282494047765,
      "std_test_score": 0.0023168084587050276,
      "overfit_gap": 0.08071065721823723,
      "is_overfitting": true,
      "rank_test_score": 7,
      "confusion_matrix": [
        [
          20446,
          2635,
          1733,
          145,
          114
        ],
        [
          4086,
          11575,
          3961,
          478,
          159
        ],
        [
          2777,
          3632,
          24504,
          4755,
          568
        ],
        [
          481,
          613,
          4978,
          33040,
          4477
        ],
        [
          149,
          242,
          1140,
          5437,
          40338
        ]
      ]
    },
    {
      "params": {
        "metric": "euclidean",
        "n_neighbors": 5,
        "weights": "distance"
      },
      "mean_train_score": 0.9916828818874291,
      "std_train_score": 0.0002838091832034625,
      "mean_test_score": 0.7466897478705906,
      "std_test_score": 0.0025350408376722585,
      "overfit_gap": 0.24499313401683853,
      "is_overfitting": true,
      "rank_test_score": 2,
      "confusion_matrix": [
        [
          20081,
          2655,
          2013,
          191,
          133
        ],
        [
          3414,
          11845,
          4263,
          546,
          191
        ],
        [
          2061,
          3165,
          25383,
          4928,
          699
        ],
        [
          331,
          441,
          4441,
          33815,
          4561
        ],
        [
          133,
          195,
          887,
          5128,
          40963
        ]
      ]
    },
    {
      "params": {
        "metric": "euclidean",
        "n_neighbors": 7,
        "weights": "uniform"
      },
      "mean_train_score": 0.7948681815084394,
      "std_train_score": 0.0006804189140577463,
      "mean_test_score": 0.7331020883098025,
      "std_test_score": 0.0017829283394911195,
      "overfit_gap": 0.06176609319863691,
      "is_overfitting": true,
      "rank_test_score": 6,
      "confusion_matrix": [
        [
          20342,
          2516,
          1914,
          180,
          121
        ],
        [
          3972,
          11335,
          4254,
          516,
          182
        ],
        [
          2613,
          3401,
          24691,
          4898,
          633
        ],
        [
          470,
          555,
          4749,
          33306,
          4509
        ],
        [
          173,
          237,
          1087,
          5482,
          40327
        ]
      ]
    },
    {
      "params": {
        "metric": "euclidean",
        "n_neighbors": 7,
        "weights": "distance"
      },
      "mean_train_score": 0.9918609444713846,
      "std_train_score": 0.0001620443823089913,
      "mean_test_score": 0.7490850110909015,
      "std_test_score": 0.0026969917809823805,
      "overfit_gap": 0.2427759333804831,
      "is_overfitting": true,
      "rank_test_score": 1,
      "confusion_matrix": [
        [
          20201,
          2529,
          2007,
          199,
          137
        ],
        [
          3457,
          11722,
          4338,
          543,
          199
        ],
        [
          2110,
          2951,
          25612,
          4882,
          681
        ],
        [
          352,
          440,
          4297,
          34070,
          4430
        ],
        [
          150,
          186,
          915,
          5095,
          40960
        ]
      ]
    },
    {
      "params": {
        "metric": "euclidean",
        "n_neighbors": 15,
        "weights": "uniform"
      },
      "mean_train_score": 0.756879655906539,
      "std_train_score": 0.000639201202352594,
      "mean_test_score": 0.7217817715776687,
      "std_test_score": 0.0016555642426515581,
      "overfit_gap": 0.0350978843288704,
      "is_overfitting": false,
      "rank_test_score": 9,
      "confusion_matrix": [
        [
          20121,
          2346,
          2246,
          217,
          143
        ],
        [
          4051,
          10567,
          4824,
          617,
          200
        ],
        [
          2650,
          3069,
          24486,
          5317,
          714
        ],
        [
          512,
          477,
          4764,
          33219,
          4617
        ],
        [
          160,
          232,
          1134,
          5888,
          39892
        ]
      ]
    },
    {
      "params": {
        "metric": "euclidean",
        "n_neighbors": 15,
        "weights": "distance"
      },
      "mean_train_score": 0.9921024581125273,
      "std_train_score": 7.807417202001811e-05,
      "mean_test_score": 0.7453727140137011,
      "std_test_score": 0.0026515237590959747,
      "overfit_gap": 0.2467297440988262,
      "is_overfitting": true,
      "rank_test_score": 3,