{
  "model": "random_forest_cuml",
  "param_grid": {
    "n_estimators": [
      100,
      200,
      300
    ],
    "max_depth": [
      5,
      10,
      15,
      20,
      30
    ],
    "min_samples_split": [
      2
    ],
    "min_samples_leaf": [
      2
    ]
  },
  "n_cv_samples": 172463,
  "cv_folds": 5,
  "best_score": 0.7727912622448774,
  "best_params": {
    "max_depth": 20.0,
    "min_samples_leaf": 2.0,
    "min_samples_split": 2.0,
    "n_estimators": 200.0
  },
  "timestamp": "2026-02-15T21:01:45.667947",
  "all_combinations": [
    {
      "params": {
        "max_depth": 5.0,
        "min_samples_leaf": 2.0,
        "min_samples_split": 2.0,
        "n_estimators": 100.0
      },
      "mean_train_score": 0.640120255,
      "std_train_score": 0.001245,
      "mean_test_score": 0.637900732,
      "std_test_score": 0.001368,
      "is_overfitting": false,
      "split_train_scores": [
        0.640120255,
        0.641202022,
        0.639918301,
        0.640344518,
        0.639990356,
        0.640637879,
        0.001245
      ],
      "split_test_scores": [
        0.637900732,
        11.0,
        0.636743150,
        0.639122011,
        0.638245188,
        0.637561954,
        0.637830518,
        0.001368
      ],
      "rank_test_score": 11
    },
    {
      "params": {
        "max_depth": 5.0,
        "min_samples_leaf": 2.0,
        "min_samples_split": 2.0,
        "n_estimators": 200.0
      },
      "mean_train_score": 0.640865493,
      "std_train_score": 0.001022,
      "mean_test_score": 0.638531300,
      "std_test_score": 0.001282,
      "is_overfitting": false,
      "split_train_scores": [
        0.640865493,
        0.641818320,
        0.639892156,
        0.640829105,
        0.641017504,
        0.640567885,
        0.001022
      ],
      "split_test_scores": [
        0.638531300,
        10.0,
        0.637852410,
        0.639468119,
        0.638701200,
        0.638140277,
        0.638494995,
        0.001282
      ],
      "rank_test_score": 10
    },
    {
      "params": {
        "max_depth": 5.0,
        "min_samples_leaf": 2.0,
        "min_samples_split": 2.0,
        "n_estimators": 300.0
      },
      "mean_train_score": 0.641156248,
      "std_train_score": 0.000989,
      "mean_test_score": 0.638790874,
      "std_test_score": 0.001201,
      "is_overfitting": false,
      "split_train_scores": [
        0.641156248,
        0.641981370,
        0.640415328,
        0.641067133,
        0.641062195,
        0.640856215,
        0.000989
      ],
      "split_test_scores": [
        0.638790874,
        12.0,
        0.638207604,
        0.639617840,
        0.638905140,
        0.638856891,
        0.638366296,
        0.001201
      ],
      "rank_test_score": 12
    },
    {
      "params": {
        "max_depth": 10.0,
        "min_samples_leaf": 2.0,
        "min_samples_split": 2.0,
        "n_estimators": 100.0
      },
      "mean_train_score": 0.6966150847740851,
      "std_train_score": 0.0015816650451868613,
      "mean_test_score": 0.6731967550628466,
      "std_test_score": 0.001816326833520212,
      "is_overfitting": false,
      "split_train_scores": [
        0.6966150847740851,
        0.6980572150339105,
        0.6944925560086129,
        0.6962441982347298,
        0.6955231215687785,
        0.6987583330243936,
        0.0015816650451868613
      ],
      "split_test_scores": [
        0.6731967550628466,
        9.0,
        0.6708526283307087,
        0.6729836732829707,
        0.6728348159328151,
        0.6764678435039747,
        0.6728448142637634,
        0.001816326833520212
      ],
      "rank_test_score": 9
    },
    {
      "params": {
        "max_depth": 10.0,
        "min_samples_leaf": 2.0,
        "min_samples_split": 2.0,
        "n_estimators": 200.0
      },
      "mean_train_score": 0.6979949501250493,
      "std_train_score": 0.001122111471045155,
      "mean_test_score": 0.6741174084364958,
      "std_test_score": 0.002020364297628805,
      "is_overfitting": false,
      "split_train_scores": [
        0.6979949501250493,
        0.6992007218963369,
        0.6963476305930423,
        0.6976172517021424,
        0.6974963096788597,
        0.6993128367548651,
        0.001122111471045155
      ],
      "split_test_scores": [
        0.6741174084364958,
        7.0,
        0.6723989581634577,
        0.6749140051545792,
        0.6735812099321877,
        0.6776277340781538,
        0.6720651348541009,
        0.002020364297628805
      ],
      "rank_test_score": 7
    },
    {
      "params": {
        "max_depth": 10.0,
        "min_samples_leaf": 2.0,
        "min_samples_split": 2.0,
        "n_estimators": 300.0
      },
      "mean_train_score": 0.6972577927996519,
      "std_train_score": 0.0009141437830999577,
      "mean_test_score": 0.6739105268199381,
      "std_test_score": 0.0016322103532034843,
      "is_overfitting": false,
      "split_train_scores": [
        0.6972577927996519,
        0.698392084828155,
        0.6959928882027043,
        0.6971988961293772,
        0.6965555949291956,
        0.6981494999088274,
        0.0009141437830999577
      ],
      "split_test_scores": [
        0.6739105268199381,
        8.0,
        0.6725683645034591,
        0.6740820550104865,
        0.6740444108728055,
        0.6767671042947739,
        0.6720906994181655,
        0.0016322103532034843
      ],
      "rank_test_score": 8
    },
    {
      "params": {
        "max_depth": 15.0,
        "min_samples_leaf": 2.0,
        "min_samples_split": 2.0,
        "n_estimators": 100.0
      },
      "mean_train_score": 0.8532659323930757,
      "std_train_score": 0.0010163891745493534,
      "mean_test_score": 0.7475639857604119,
      "std_test_score": 0.0021401049214796377,
      "is_overfitting": false,
      "split_train_scores": [
        0.8532659323930757,
        0.85354557917743,
        0.8513485509025654,
        0.8532619793109646,
        0.8539091592235236,
        0.8542643933508944,
        0.0010163891745493534
      ],
      "split_test_scores": [
        0.7475639857604119,
        6.0,
        0.7451904892084104,
        0.7492291518504326,
        0.746725663927457,
        0.7508468069993937,
        0.7458278168163658,
        0.0021401049214796377
      ],
      "rank_test_score": 6
    },
    {
      "params": {
        "max_depth": 15.0,
        "min_samples_leaf": 2.0,
        "min_samples_split": 2.0,
        "n_estimators": 200.0
      },
      "mean_train_score": 0.8546863347367711,
      "std_train_score": 0.0007318320683585641,
      "mean_test_score": 0.7487045037361449,
      "std_test_score": 0.0015836988859918512,
      "is_overfitting": false,
      "split_train_scores": [
        0.8546863347367711,
        0.8547888523084387,
        0.853251440602717,
        0.8551719413216207,
        0.8551937923140212,
        0.8550256471370581,
        0.0007318320683585641
      ],
      "split_test_scores": [
        0.7487045037361449,
        4.0,
        0.7462175143498844,
        0.7494847273145041,
        0.7489310764456152,
        0.7509611464882275,
        0.7479280540824936,
        0.0015836988859918512
      ],
      "rank_test_score": 4
    },
    {
      "params": {
        "max_depth": 15.0,
        "min_samples_leaf": 2.0,
        "min_samples_split": 2.0,
        "n_estimators": 300.0
      },
      "mean_train_score": 0.8532997839979298,
      "std_train_score": 0.0006686954354825033,
      "mean_test_score": 0.7483075481359751,
      "std_test_score": 0.0023409965291203722,
      "is_overfitting": false,
      "split_train_scores": [
        0.8532997839979298,
        0.8533858984923601,
        0.8521075648566043,
        0.8532533675186345,
        0.8541412414476716,
        0.8536108476743784,
        0.0006686954354825033
      ],